sep=;
Date;Nombre 1;Nombre 2;Nombre 3;Nombre 4;Nombre 5;Etoile 1;Etoile 2
11-12-2020;6;9;13;24;41;3;12
08-12-2020;1;4;21;24;46;2;12
04-12-2020;14;20;27;34;38;1;11
01-12-2020;14;20;29;47;49;4;12
27-11-2020;2;5;8;14;16;8;9
24-11-2020;25;33;38;42;50;8;12
20-11-2020;28;29;39;48;50;5;7
17-11-2020;16;19;25;30;44;2;6
13-11-2020;1;5;17;28;31;1;10
10-11-2020;3;19;29;32;38;5;12
06-11-2020;7;12;37;40;50;1;2
03-11-2020;5;7;18;20;30;6;7
30-10-2020;12;16;20;21;28;3;9
27-10-2020;13;15;28;32;44;3;12
23-10-2020;10;15;19;21;23;3;12
20-10-2020;5;6;15;37;42;3;4
16-10-2020;15;33;38;40;50;3;6
13-10-2020;5;14;38;41;46;1;10
09-10-2020;11;15;35;41;50;5;8
06-10-2020;4;21;36;41;47;9;11
02-10-2020;6;12;15;40;45;3;9
29-09-2020;4;14;16;41;44;11;12
25-09-2020;19;23;34;37;45;1;7
22-09-2020;16;25;28;39;40;1;6
18-09-2020;2;10;19;25;45;1;7
15-09-2020;16;20;25;30;38;6;8
11-09-2020;34;38;42;43;45;9;12
08-09-2020;2;9;31;35;41;9;12
04-09-2020;6;22;29;40;43;4;7
01-09-2020;4;8;10;33;46;8;11
28-08-2020;7;12;16;17;31;7;9
25-08-2020;7;18;30;37;39;8;10
21-08-2020;10;15;35;44;50;3;5
18-08-2020;6;12;17;34;42;5;12
14-08-2020;9;10;19;42;49;4;12
11-08-2020;8;13;14;42;50;3;9
07-08-2020;5;20;21;36;41;6;11
04-08-2020;1;2;5;15;42;5;8
31-07-2020;21;24;30;46;49;2;5
28-07-2020;9;13;15;17;34;2;7
24-07-2020;8;9;27;28;50;4;12
21-07-2020;14;15;24;29;42;2;4
17-07-2020;7;15;27;41;43;7;9
14-07-2020;11;22;30;37;47;9;10
10-07-2020;15;17;23;30;38;2;7
07-07-2020;12;16;23;33;41;8;10
03-07-2020;4;16;27;37;39;3;6
30-06-2020;1;6;11;28;42;2;10
26-06-2020;1;10;12;21;26;5;11
23-06-2020;2;12;19;46;49;1;8
19-06-2020;5;14;19;24;43;3;11
16-06-2020;4;9;11;17;39;2;10
12-06-2020;2;24;39;45;46;4;8
09-06-2020;5;15;27;36;46;2;8
05-06-2020;5;11;17;24;37;3;6
02-06-2020;10;12;22;26;49;7;11
29-05-2020;4;8;11;19;46;4;8
26-05-2020;4;9;14;21;27;4;6
22-05-2020;3;18;22;27;32;2;7
19-05-2020;5;25;32;37;43;6;7
15-05-2020;11;23;32;34;39;1;6
12-05-2020;9;16;29;37;39;4;11
08-05-2020;8;25;32;33;38;7;9
05-05-2020;2;10;22;27;41;2;3
01-05-2020;19;20;38;45;47;2;6
28-04-2020;15;23;26;28;32;1;5
24-04-2020;1;5;19;21;28;4;7
21-04-2020;10;11;14;23;28;6;8
17-04-2020;16;28;32;37;45;1;11
14-04-2020;6;29;34;35;40;4;11
10-04-2020;3;10;17;33;39;1;4
07-04-2020;4;5;14;33;48;7;12
03-04-2020;16;19;34;46;50;2;6
31-03-2020;12;17;24;30;36;1;9
27-03-2020;11;14;27;41;46;2;3
24-03-2020;7;12;26;30;33;10;11
20-03-2020;3;9;20;34;40;6;12
17-03-2020;5;7;8;16;20;2;12
13-03-2020;3;11;21;27;36;9;10
10-03-2020;11;23;30;37;43;5;12
06-03-2020;15;38;43;45;46;1;11
03-03-2020;4;14;27;44;45;1;10
28-02-2020;8;11;20;22;23;3;4
25-02-2020;1;4;18;27;42;4;6
21-02-2020;7;23;30;32;45;5;9
18-02-2020;11;32;34;38;47;2;10
14-02-2020;5;20;35;41;49;6;10
11-02-2020;24;26;32;43;46;6;10
07-02-2020;9;15;17;25;40;3;9
04-02-2020;21;23;33;35;47;6;7
31-01-2020;13;18;20;23;30;2;4
28-01-2020;1;19;27;31;38;4;5
24-01-2020;3;4;6;9;24;5;8
21-01-2020;10;11;24;36;46;3;5
17-01-2020;8;19;20;29;44;3;8
14-01-2020;21;25;29;39;44;8;9
10-01-2020;6;17;32;44;46;2;6
07-01-2020;5;8;12;37;43;6;11
03-01-2020;5;15;20;36;47;8;12
31-12-2019;26;31;33;41;48;2;4
27-12-2019;1;7;22;26;35;5;10
24-12-2019;3;11;13;14;47;3;6
20-12-2019;8;24;30;32;34;3;4
17-12-2019;1;7;12;25;49;6;9
13-12-2019;9;16;18;23;32;2;10
10-12-2019;2;10;19;21;47;2;8
06-12-2019;1;3;27;39;46;1;10
03-12-2019;18;31;32;38;48;4;12
29-11-2019;3;7;12;42;50;6;8
26-11-2019;2;3;15;19;34;5;8
22-11-2019;3;21;32;34;48;3;11
19-11-2019;8;10;15;30;42;4;6
15-11-2019;3;13;20;32;34;4;11
12-11-2019;1;21;23;25;39;2;4
08-11-2019;8;17;20;23;45;2;8
05-11-2019;9;14;25;33;48;2;12
01-11-2019;2;20;39;44;48;5;7
29-10-2019;16;18;28;42;49;5;10
25-10-2019;34;37;39;40;50;4;10
22-10-2019;2;5;32;33;47;7;8
18-10-2019;8;18;22;41;42;11;12
15-10-2019;3;28;31;32;34;4;5
11-10-2019;2;14;19;42;45;5;6
08-10-2019;7;10;15;44;49;3;12
04-10-2019;6;9;35;41;44;6;9
01-10-2019;2;11;18;40;46;1;4
27-09-2019;24;37;41;43;46;2;8
24-09-2019;2;33;42;47;48;1;2
20-09-2019;8;21;25;38;50;4;8
17-09-2019;22;37;43;44;45;1;12
13-09-2019;1;12;27;42;47;6;7
10-09-2019;3;22;25;30;49;3;6
06-09-2019;10;13;22;40;48;2;5
03-09-2019;7;11;38;39;44;7;10
30-08-2019;25;27;45;46;49;4;6
27-08-2019;8;26;35;43;47;1;9
23-08-2019;4;17;35;42;45;2;8
20-08-2019;20;22;23;24;37;1;4
16-08-2019;9;10;27;37;42;1;5
13-08-2019;13;29;31;33;40;2;3
09-08-2019;2;14;35;41;42;10;11
06-08-2019;12;13;29;36;38;4;12
02-08-2019;13;22;33;44;50;2;5
30-07-2019;15;20;23;27;40;3;6
26-07-2019;2;5;27;37;42;3;10
23-07-2019;1;14;19;23;38;3;7
19-07-2019;13;14;17;26;28;2;7
16-07-2019;3;5;13;18;39;7;8
12-07-2019;2;31;39;45;47;4;8
09-07-2019;7;29;32;36;41;6;7
05-07-2019;2;9;20;34;42;6;9
02-07-2019;11;19;29;44;45;8;12
28-06-2019;1;3;16;33;49;2;11
25-06-2019;6;26;27;34;46;1;9
21-06-2019;5;8;9;25;39;3;7
18-06-2019;12;24;37;40;44;3;7
14-06-2019;1;13;30;31;39;2;7
11-06-2019;25;27;39;42;46;11;12
07-06-2019;1;4;16;20;34;2;5
04-06-2019;9;31;32;39;41;2;8
31-05-2019;1;23;24;26;35;1;11
28-05-2019;7;19;20;28;29;1;5
24-05-2019;5;16;23;30;49;6;7
21-05-2019;32;33;34;39;47;8;12
17-05-2019;16;28;42;43;45;6;7
14-05-2019;10;14;17;25;50;2;10
10-05-2019;1;4;27;45;48;1;7
07-05-2019;7;20;26;32;47;2;11
03-05-2019;2;9;20;27;43;5;6
30-04-2019;5;12;20;26;48;2;11
26-04-2019;14;33;35;47;50;9;11
23-04-2019;18;23;27;42;44;2;7
19-04-2019;7;8;32;41;49;5;11
16-04-2019;1;8;15;44;49;2;11
12-04-2019;1;28;35;36;46;6;9
09-04-2019;18;21;29;38;41;1;11
05-04-2019;1;7;10;29;45;3;5
02-04-2019;2;9;16;26;36;6;7
29-03-2019;13;23;26;32;47;6;10
26-03-2019;12;19;23;43;47;2;6
22-03-2019;4;17;26;30;43;6;11
19-03-2019;1;6;9;34;47;7;12
15-03-2019;3;15;24;42;46;9;12
12-03-2019;5;7;13;19;31;2;9
08-03-2019;17;18;19;24;40;4;8
05-03-2019;6;10;16;39;46;8;11
01-03-2019;6;9;19;26;31;11;12
26-02-2019;3;15;29;35;47;3;4
22-02-2019;3;27;29;33;50;3;7
19-02-2019;1;8;18;19;39;7;9
15-02-2019;15;27;34;38;49;2;10
12-02-2019;6;34;36;41;50;1;5
08-02-2019;11;12;13;39;46;7;10
05-02-2019;14;25;31;37;43;2;3
01-02-2019;3;21;26;41;46;1;6
29-01-2019;14;24;26;32;39;3;8
25-01-2019;1;6;13;15;16;6;10
22-01-2019;9;23;29;41;49;8;10
18-01-2019;5;6;16;30;46;5;10
15-01-2019;22;25;29;33;35;3;6
11-01-2019;1;19;31;39;48;1;6
08-01-2019;3;19;22;31;32;2;11
04-01-2019;7;11;19;27;37;6;10
01-01-2019;1;8;11;25;28;4;6
28-12-2018;13;16;34;35;45;10;12
25-12-2018;4;5;8;31;43;2;9
21-12-2018;2;12;15;34;50;3;4
18-12-2018;1;9;18;39;48;5;7
14-12-2018;12;29;38;42;44;2;12
11-12-2018;4;7;13;23;42;1;3
07-12-2018;11;17;26;37;48;1;10
04-12-2018;19;20;21;42;45;8;9
30-11-2018;3;10;12;23;26;1;12
27-11-2018;4;16;17;18;32;2;11
23-11-2018;5;8;25;26;30;3;10
20-11-2018;6;19;39;45;48;7;12
16-11-2018;9;10;13;28;41;1;12
13-11-2018;2;7;10;13;42;3;6
09-11-2018;14;17;32;37;49;11;12
06-11-2018;14;24;36;40;43;2;9
02-11-2018;5;15;17;37;44;7;11
30-10-2018;17;23;27;43;44;1;12
26-10-2018;5;18;21;31;35;6;9
23-10-2018;1;2;5;21;32;2;12
19-10-2018;1;3;29;47;48;3;12
16-10-2018;15;28;37;40;42;1;6
12-10-2018;4;9;12;31;43;5;8
09-10-2018;3;12;36;44;45;8;11
05-10-2018;8;16;24;26;35;3;11
02-10-2018;7;17;29;37;45;3;11
28-09-2018;2;4;8;27;50;2;9
25-09-2018;6;15;20;30;38;4;7
21-09-2018;5;7;21;25;37;3;4
18-09-2018;3;8;10;32;45;4;12
14-09-2018;1;3;33;40;45;3;4
11-09-2018;9;18;32;38;46;2;3
07-09-2018;4;23;27;31;50;1;8
04-09-2018;5;14;28;30;47;4;11
31-08-2018;4;30;31;38;42;4;6
28-08-2018;4;16;32;42;46;8;12
24-08-2018;3;14;31;36;50;1;12
21-08-2018;16;23;42;43;49;10;12
17-08-2018;2;15;18;24;43;8;12
14-08-2018;1;15;18;25;31;9;11
10-08-2018;18;20;36;43;44;3;9
07-08-2018;16;28;29;30;36;8;10
03-08-2018;7;26;36;38;43;6;12
31-07-2018;20;25;34;42;45;6;11
27-07-2018;11;17;22;23;41;6;11
24-07-2018;2;4;23;39;40;3;9
20-07-2018;2;15;40;43;46;3;6
17-07-2018;4;6;27;48;50;1;11
13-07-2018;1;4;14;21;49;2;12
10-07-2018;3;8;26;33;45;7;10
06-07-2018;8;30;33;38;48;2;10
03-07-2018;1;12;15;29;48;3;5
29-06-2018;15;21;23;40;48;3;12
26-06-2018;15;16;20;34;50;4;7
22-06-2018;14;25;39;41;44;2;8
19-06-2018;7;19;26;42;50;4;9
15-06-2018;23;26;33;38;49;1;12
12-06-2018;7;21;23;36;38;6;8
08-06-2018;8;19;32;43;46;2;8
05-06-2018;9;15;22;39;46;4;5
01-06-2018;17;18;24;29;40;4;5
29-05-2018;6;11;20;38;43;2;4
25-05-2018;13;15;16;28;41;4;5
22-05-2018;1;11;37;41;48;8;12
18-05-2018;5;8;10;13;31;3;6
15-05-2018;4;16;20;31;39;2;12
11-05-2018;3;22;34;49;50;8;11
08-05-2018;17;25;35;39;44;2;5
04-05-2018;6;12;23;39;45;9;12
01-05-2018;6;15;17;42;48;4;6
27-04-2018;12;24;40;41;46;5;12
24-04-2018;20;23;28;30;44;3;7
20-04-2018;3;16;25;39;44;7;11
17-04-2018;15;27;33;39;50;4;6
13-04-2018;5;25;34;48;50;6;7
10-04-2018;14;27;39;46;48;11;12
06-04-2018;1;29;33;45;47;4;8
03-04-2018;3;8;16;40;43;5;8
30-03-2018;12;17;28;35;47;7;11
27-03-2018;17;20;23;40;46;9;10
23-03-2018;5;7;11;46;50;8;11
20-03-2018;26;29;37;39;44;9;11
16-03-2018;4;17;24;27;31;10;11
13-03-2018;9;11;13;33;49;6;12
09-03-2018;9;14;21;32;44;1;12
06-03-2018;15;20;26;31;44;2;9
02-03-2018;2;7;34;45;48;1;12
27-02-2018;3;31;41;48;50;8;11
23-02-2018;10;17;18;28;47;3;7
20-02-2018;6;14;19;25;29;5;11
16-02-2018;10;12;23;32;50;4;10
13-02-2018;10;13;17;21;44;1;10
09-02-2018;22;31;36;38;44;1;11
06-02-2018;8;17;28;34;38;6;12
02-02-2018;14;34;36;39;48;2;3
30-01-2018;11;15;21;27;35;4;5
26-01-2018;6;15;24;28;48;4;9
23-01-2018;5;8;9;23;24;7;8
19-01-2018;3;8;17;44;50;2;7
16-01-2018;20;23;31;34;46;3;12
12-01-2018;13;21;23;30;45;4;6
09-01-2018;6;12;15;38;49;2;9
05-01-2018;2;5;20;38;41;4;8
02-01-2018;10;20;21;28;48;1;8
29-12-2017;4;8;22;23;48;1;12
26-12-2017;4;17;30;43;44;2;10
22-12-2017;5;24;30;31;43;3;6
19-12-2017;8;15;30;38;46;4;7
15-12-2017;25;30;31;42;50;2;11
12-12-2017;20;37;39;44;50;4;8
08-12-2017;4;22;30;32;34;3;4
05-12-2017;11;36;43;44;48;2;7
01-12-2017;5;24;29;35;46;11;12
28-11-2017;1;6;12;18;42;2;7
24-11-2017;19;24;28;30;50;3;10
21-11-2017;2;10;14;28;31;5;7
17-11-2017;20;26;35;36;42;5;12
14-11-2017;14;16;39;40;41;8;10
10-11-2017;13;22;29;36;37;1;9
07-11-2017;7;19;20;37;41;2;12
03-11-2017;5;12;17;33;41;4;9
31-10-2017;1;12;36;43;46;3;5
27-10-2017;3;16;23;32;39;1;4
24-10-2017;9;11;13;27;33;7;10
20-10-2017;4;17;23;27;30;3;8
17-10-2017;13;17;19;26;36;2;3
13-10-2017;23;29;37;45;50;5;11
10-10-2017;4;21;34;36;37;3;6
06-10-2017;1;9;15;19;25;1;7
03-10-2017;6;24;32;48;50;1;5
29-09-2017;7;18;19;32;48;3;7
26-09-2017;1;29;40;41;48;6;12
22-09-2017;6;11;31;39;42;1;3
19-09-2017;1;8;21;30;45;2;3
15-09-2017;13;18;37;44;49;9;12
12-09-2017;10;17;27;29;35;4;11
08-09-2017;9;24;42;47;49;1;5
05-09-2017;6;9;18;28;29;1;9
01-09-2017;3;7;8;14;49;5;8
29-08-2017;4;12;15;32;38;1;5
25-08-2017;1;5;7;15;47;9;12
22-08-2017;3;10;12;17;27;3;5
18-08-2017;2;24;39;42;45;2;8
15-08-2017;10;14;30;35;46;4;10
11-08-2017;18;28;39;46;48;5;12
08-08-2017;15;25;26;40;41;4;5
04-08-2017;29;30;36;40;41;2;9
01-08-2017;14;21;24;29;30;8;10
28-07-2017;5;9;29;31;41;2;4
25-07-2017;12;14;43;44;48;2;11
21-07-2017;1;8;9;26;49;5;9
18-07-2017;1;25;27;41;45;5;7
14-07-2017;11;14;20;21;47;7;10
11-07-2017;14;22;26;42;50;8;10
07-07-2017;11;20;35;37;45;3;6
04-07-2017;10;22;25;37;49;5;8
30-06-2017;17;35;39;47;50;6;8
27-06-2017;9;17;21;28;45;1;3
23-06-2017;3;4;21;31;38;3;7
20-06-2017;11;18;26;43;44;8;10
16-06-2017;15;17;38;41;42;9;12
13-06-2017;3;12;22;27;49;4;11
09-06-2017;9;20;27;39;43;10;11
06-06-2017;20;22;25;37;40;3;7
02-06-2017;8;10;24;33;42;3;9
30-05-2017;7;12;27;38;48;6;9
26-05-2017;5;7;26;36;39;2;10
23-05-2017;8;15;25;27;42;1;4
19-05-2017;9;11;12;19;30;4;9
16-05-2017;8;11;15;20;30;3;8
12-05-2017;2;20;28;29;44;3;9
09-05-2017;8;12;16;22;26;6;7
05-05-2017;3;7;30;35;43;1;3
02-05-2017;6;19;23;25;27;11;12
28-04-2017;14;20;25;30;39;2;8
25-04-2017;9;11;19;32;43;3;9
21-04-2017;2;13;16;22;49;4;5
18-04-2017;17;22;31;38;45;5;12
14-04-2017;4;14;20;23;33;6;10
11-04-2017;5;21;22;31;49;2;8
07-04-2017;2;10;19;35;50;6;7
04-04-2017;1;9;24;33;34;2;6
31-03-2017;17;24;26;28;45;4;12
28-03-2017;9;13;31;33;46;6;10
24-03-2017;2;17;21;27;34;5;9
21-03-2017;1;20;23;44;47;4;11
17-03-2017;6;10;19;29;36;3;9
14-03-2017;3;5;21;36;44;3;6
10-03-2017;31;36;38;47;49;8;11
07-03-2017;6;37;41;48;50;4;5
03-03-2017;2;11;29;30;47;1;12
28-02-2017;10;20;31;35;42;2;12
24-02-2017;2;4;13;22;43;8;9
21-02-2017;13;19;41;45;49;3;4
17-02-2017;19;25;33;36;48;2;9
14-02-2017;2;10;24;40;44;3;10
10-02-2017;7;21;26;35;43;2;9
07-02-2017;4;10;31;38;44;8;10
03-02-2017;3;4;15;46;50;5;9
31-01-2017;3;4;17;23;44;6;9
27-01-2017;17;20;28;45;48;5;9
24-01-2017;1;5;7;17;23;3;8
20-01-2017;10;17;27;31;49;3;5
17-01-2017;4;16;25;43;47;2;10
13-01-2017;3;7;16;26;50;4;7
10-01-2017;2;11;29;35;44;4;9
06-01-2017;10;14;18;21;49;9;11
03-01-2017;19;23;27;34;49;1;11
30-12-2016;8;10;22;29;47;1;3
27-12-2016;3;22;25;32;39;7;12
23-12-2016;4;16;20;39;46;2;5
20-12-2016;13;15;17;21;27;2;3
16-12-2016;6;10;30;41;45;4;11
13-12-2016;14;28;29;48;50;2;8
09-12-2016;6;12;28;37;40;1;5
06-12-2016;1;7;11;27;45;4;9
02-12-2016;6;11;23;31;32;2;12
29-11-2016;21;26;27;28;38;9;11
25-11-2016;5;11;17;23;28;10;11
22-11-2016;5;10;33;34;47;2;10
18-11-2016;3;12;27;32;47;6;8
15-11-2016;7;15;36;42;48;3;7
11-11-2016;3;22;23;38;49;2;9
08-11-2016;5;9;47;49;50;8;9
04-11-2016;7;11;12;44;48;3;7
01-11-2016;6;10;20;29;37;1;9
28-10-2016;10;16;19;23;43;2;8
25-10-2016;3;15;20;21;28;1;5
21-10-2016;9;20;23;44;48;8;10
18-10-2016;2;17;21;25;27;6;9
14-10-2016;7;13;19;31;34;1;11
11-10-2016;5;12;20;24;37;4;11
07-10-2016;2;12;20;27;30;9;11
04-10-2016;4;7;14;34;38;4;11
30-09-2016;17;35;37;43;44;2;10
27-09-2016;6;9;13;39;41;2;12
23-09-2016;14;16;39;42;49;3;9
20-09-2016;1;4;10;41;45;6;9
16-09-2016;5;8;14;22;32;2;11
13-09-2016;4;7;16;35;44;1;3
09-09-2016;4;11;15;17;28;1;3
06-09-2016;12;24;30;34;45;7;10
02-09-2016;8;16;32;40;50;2;11
30-08-2016;13;16;29;35;42;6;8
26-08-2016;1;9;28;30;48;7;8
23-08-2016;2;23;31;37;45;4;8
19-08-2016;5;6;22;25;34;5;7
16-08-2016;2;26;34;37;46;4;8
12-08-2016;2;15;28;36;50;2;11
09-08-2016;12;19;43;44;45;5;10
05-08-2016;16;19;24;35;37;2;7
02-08-2016;2;8;27;38;46;2;6
29-07-2016;1;21;26;40;50;2;4
26-07-2016;3;10;13;45;49;2;11
22-07-2016;7;24;26;37;45;5;9
19-07-2016;19;24;28;36;37;3;6
15-07-2016;2;11;13;14;21;1;8
12-07-2016;3;7;26;33;41;2;10
08-07-2016;8;12;18;33;44;4;8
05-07-2016;1;10;29;38;48;3;4
01-07-2016;2;11;13;40;50;1;10
28-06-2016;26;32;37;43;49;4;5
24-06-2016;11;19;27;28;39;3;10
21-06-2016;5;17;32;35;49;1;5
17-06-2016;1;7;18;27;43;4;8
14-06-2016;13;34;39;42;50;9;11
10-06-2016;14;21;35;42;43;7;9
07-06-2016;19;26;35;45;49;2;5
03-06-2016;7;23;31;33;39;6;10
31-05-2016;6;12;26;30;48;6;7
27-05-2016;13;25;27;43;46;4;8
24-05-2016;16;17;23;34;37;6;9
20-05-2016;9;14;30;41;45;4;9
17-05-2016;15;27;32;36;39;3;10
13-05-2016;7;15;28;31;42;10;11
10-05-2016;2;26;27;40;49;5;10
06-05-2016;32;34;40;45;48;1;10
03-05-2016;8;23;24;34;38;3;7
29-04-2016;4;5;25;28;43;6;11
26-04-2016;10;17;31;32;42;2;5
22-04-2016;17;26;32;34;43;2;10
19-04-2016;11;14;15;27;44;2;7
15-04-2016;13;14;32;37;48;1;7
12-04-2016;1;5;9;22;38;2;10
08-04-2016;6;8;26;43;49;6;10
05-04-2016;3;5;9;19;40;2;5
01-04-2016;2;16;23;25;49;6;9
29-03-2016;1;4;19;25;36;3;11
25-03-2016;12;19;36;42;43;5;8
22-03-2016;12;15;26;42;49;5;8
18-03-2016;14;19;21;24;49;5;11
15-03-2016;5;7;10;34;44;2;10
11-03-2016;1;21;26;40;43;6;9
08-03-2016;1;8;9;14;23;1;7
04-03-2016;9;14;16;23;40;1;5
01-03-2016;4;7;13;28;37;10;11
26-02-2016;5;13;15;33;50;9;11
23-02-2016;23;25;32;37;42;1;11
19-02-2016;13;14;30;32;39;3;9
16-02-2016;3;10;22;37;50;6;10
12-02-2016;3;20;28;31;49;2;5
09-02-2016;6;9;13;28;37;4;5
05-02-2016;3;27;32;41;46;4;8
02-02-2016;6;9;10;21;36;2;6
29-01-2016;1;5;23;29;32;1;7
26-01-2016;15;24;38;40;48;2;9
22-01-2016;10;12;27;30;47;8;9
19-01-2016;2;30;38;43;46;2;7
15-01-2016;10;19;38;43;46;1;11
12-01-2016;1;2;10;30;44;1;8
08-01-2016;5;26;33;35;40;3;8
05-01-2016;6;10;31;36;39;6;10
01-01-2016;4;37;38;39;44;4;7
29-12-2015;5;20;31;32;36;6;7
25-12-2015;3;10;25;27;40;3;9
22-12-2015;18;19;20;40;41;7;10
18-12-2015;6;22;26;29;48;5;6
15-12-2015;8;11;23;27;35;4;11
11-12-2015;3;5;21;40;43;6;11
08-12-2015;12;17;29;38;48;9;11
04-12-2015;8;17;18;27;39;1;7
01-12-2015;2;15;25;35;45;8;10
27-11-2015;16;29;30;37;50;6;8
24-11-2015;9;14;16;17;26;10;11
20-11-2015;4;30;34;46;49;7;8
17-11-2015;6;7;23;37;38;10;11
13-11-2015;10;17;18;33;40;2;8
10-11-2015;6;13;18;39;43;2;8
06-11-2015;3;17;26;38;40;4;10
03-11-2015;8;27;39;46;49;2;6
30-10-2015;8;13;17;21;34;6;7
27-10-2015;11;12;20;25;36;6;9
23-10-2015;7;25;30;32;39;2;8
20-10-2015;17;19;21;30;45;8;10
16-10-2015;7;28;29;43;48;3;10
13-10-2015;12;15;26;29;47;3;11
09-10-2015;1;40;42;43;47;9;11
06-10-2015;11;20;22;29;32;1;8
02-10-2015;7;18;21;32;35;2;11
29-09-2015;11;14;26;29;49;3;9
25-09-2015;13;14;23;30;37;2;8
22-09-2015;14;23;26;27;29;7;10
18-09-2015;7;29;33;34;39;7;8
15-09-2015;8;15;17;44;49;5;8
11-09-2015;10;18;19;29;50;1;9
08-09-2015;14;16;39;40;42;1;4
04-09-2015;8;9;27;45;50;8;10
01-09-2015;6;19;21;27;45;1;8
28-08-2015;11;29;30;31;34;4;7
25-08-2015;27;31;33;42;50;2;5
21-08-2015;4;16;18;43;47;6;10
18-08-2015;7;10;11;12;19;2;9
14-08-2015;4;7;39;44;45;3;5
11-08-2015;2;3;8;15;16;4;11
07-08-2015;1;5;21;39;44;4;11
04-08-2015;10;15;39;45;50;9;10
31-07-2015;16;21;34;40;50;6;9
28-07-2015;23;32;36;43;49;7;8
24-07-2015;2;9;21;35;46;2;11
21-07-2015;14;20;27;29;44;7;10
17-07-2015;1;21;22;43;48;7;9
14-07-2015;6;18;19;34;36;1;8
10-07-2015;5;8;15;35;41;4;5
07-07-2015;6;7;18;33;41;3;10
03-07-2015;11;12;15;18;44;3;9
30-06-2015;11;15;28;34;37;1;8
26-06-2015;3;6;10;19;24;5;7
23-06-2015;4;16;22;38;49;6;9
19-06-2015;7;14;20;31;42;3;9
16-06-2015;10;15;16;36;37;3;9
12-06-2015;5;8;10;11;37;7;9
09-06-2015;5;9;17;32;34;6;8
05-06-2015;2;7;8;45;48;1;9
02-06-2015;7;23;29;37;41;1;8
29-05-2015;3;4;20;45;48;6;8
26-05-2015;5;6;7;21;24;5;6
22-05-2015;18;24;35;44;45;5;11
19-05-2015;26;30;31;35;37;8;11
15-05-2015;5;35;42;44;47;8;9
12-05-2015;14;29;30;40;46;3;6
08-05-2015;7;14;19;47;49;3;10
05-05-2015;1;10;17;20;42;8;9
01-05-2015;3;19;20;25;26;6;10
28-04-2015;24;26;28;36;45;7;10
24-04-2015;5;19;29;31;40;3;10
21-04-2015;6;14;17;42;45;1;8
17-04-2015;2;24;30;34;39;8;11
14-04-2015;24;32;34;35;49;1;2
10-04-2015;22;23;25;30;43;5;9
07-04-2015;18;25;39;44;50;5;8
03-04-2015;27;29;37;39;49;2;4
31-03-2015;8;20;24;28;49;8;9
27-03-2015;2;30;32;39;44;6;10
24-03-2015;10;24;26;39;40;3;10
20-03-2015;3;14;37;42;48;1;10
17-03-2015;11;23;26;38;44;1;8
13-03-2015;4;5;18;22;23;1;3
10-03-2015;2;6;23;30;31;2;10
06-03-2015;23;30;47;49;50;2;7
03-03-2015;6;8;11;13;21;7;8
27-02-2015;5;14;17;25;47;9;10
24-02-2015;3;25;28;34;50;1;11
20-02-2015;4;10;14;37;46;4;7
17-02-2015;2;5;18;30;43;1;10
13-02-2015;12;24;39;42;44;3;11
10-02-2015;13;17;20;30;45;9;10
06-02-2015;10;26;30;39;50;7;8
03-02-2015;17;31;33;44;50;7;11
30-01-2015;9;13;15;19;24;3;8
27-01-2015;5;10;31;33;40;8;10
23-01-2015;6;29;30;38;45;1;8
20-01-2015;15;33;41;44;47;8;10
16-01-2015;29;30;32;34;46;3;6
13-01-2015;8;17;21;31;34;9;10
09-01-2015;6;21;24;32;45;1;11
06-01-2015;14;20;30;38;49;3;4
02-01-2015;22;24;25;28;49;3;6
30-12-2014;6;18;39;44;50;8;11
26-12-2014;17;26;27;45;49;2;3
23-12-2014;8;9;19;25;49;2;10
19-12-2014;23;29;31;39;44;5;8
16-12-2014;3;7;12;13;25;5;8
12-12-2014;2;15;28;31;37;4;6
09-12-2014;1;3;31;42;46;4;11
05-12-2014;5;8;37;47;48;2;3
02-12-2014;3;15;25;44;49;1;9
28-11-2014;6;10;15;23;41;4;10
25-11-2014;3;7;25;32;36;1;6
21-11-2014;4;7;28;32;37;5;10
18-11-2014;2;3;17;36;38;4;11
14-11-2014;17;32;36;38;48;5;8
11-11-2014;2;14;21;36;46;7;11
07-11-2014;13;25;32;38;46;1;10
04-11-2014;1;6;13;17;26;3;5
31-10-2014;10;13;20;33;41;3;9
28-10-2014;10;15;17;40;45;1;2
24-10-2014;3;9;20;30;42;1;6
21-10-2014;20;21;27;33;40;3;10
17-10-2014;1;13;40;48;49;8;10
14-10-2014;4;5;15;23;32;3;7
10-10-2014;6;29;42;45;47;9;10
07-10-2014;9;21;28;30;38;1;8
03-10-2014;4;13;23;48;50;5;10
30-09-2014;3;13;15;33;42;5;7
26-09-2014;13;27;35;46;47;1;2
23-09-2014;12;13;14;29;35;1;7
19-09-2014;6;8;34;38;48;3;9
16-09-2014;4;29;30;35;50;2;4
12-09-2014;9;13;26;31;33;7;11
09-09-2014;8;15;19;24;35;8;10
05-09-2014;1;18;23;46;50;3;9
02-09-2014;5;25;31;39;45;1;8
29-08-2014;2;9;26;32;38;3;6
26-08-2014;10;22;36;45;48;4;11
22-08-2014;4;17;29;35;49;1;2
19-08-2014;4;7;11;34;47;7;8
15-08-2014;4;5;21;23;30;8;10
12-08-2014;7;16;19;22;33;2;5
08-08-2014;21;29;35;43;46;1;9
05-08-2014;5;7;19;21;42;5;11
01-08-2014;24;44;46;48;50;5;10
29-07-2014;10;23;35;40;43;3;9
25-07-2014;9;10;12;24;43;5;9
22-07-2014;1;24;43;45;50;5;8
18-07-2014;1;11;29;41;43;3;11
15-07-2014;15;18;20;27;34;1;3
11-07-2014;5;22;35;38;49;4;7
08-07-2014;8;18;22;24;27;4;11
04-07-2014;4;18;39;43;47;2;6
01-07-2014;18;22;25;27;39;5;10
27-06-2014;31;33;34;39;45;2;10
24-06-2014;1;7;20;21;48;4;7
20-06-2014;5;15;25;38;49;1;2
17-06-2014;11;13;37;40;48;8;9
13-06-2014;16;18;22;28;46;9;11
10-06-2014;12;18;21;32;33;1;11
06-06-2014;7;25;34;40;49;9;11
03-06-2014;2;15;32;39;44;5;10
30-05-2014;5;24;27;41;45;6;7
27-05-2014;7;13;16;25;26;1;6
23-05-2014;3;8;31;34;47;9;11
20-05-2014;5;33;36;38;47;4;9
16-05-2014;23;26;29;37;40;3;4
13-05-2014;4;13;30;34;47;2;6
09-05-2014;3;21;26;28;45;7;10
06-05-2014;5;19;24;31;37;1;9
02-05-2014;4;30;31;38;42;2;11
29-04-2014;18;23;26;35;44;3;11
25-04-2014;13;21;24;44;49;1;9
22-04-2014;13;15;20;24;46;1;8
18-04-2014;21;24;31;39;47;3;7
15-04-2014;3;14;26;47;50;7;11
11-04-2014;8;12;19;30;33;4;11
08-04-2014;11;18;29;42;49;4;11
04-04-2014;6;10;28;45;50;10;11
01-04-2014;16;18;26;38;44;8;10
28-03-2014;3;4;19;28;43;3;7
25-03-2014;7;20;26;28;50;2;8
21-03-2014;7;30;37;39;42;5;7
18-03-2014;8;27;34;36;39;5;10
14-03-2014;6;24;25;27;30;5;9
11-03-2014;1;4;23;33;44;7;8
07-03-2014;5;10;38;40;41;1;8
04-03-2014;3;5;22;27;44;1;6
28-02-2014;12;32;38;43;44;2;7
25-02-2014;21;25;28;35;42;4;6
21-02-2014;13;17;28;30;32;5;7
18-02-2014;23;26;36;37;49;6;7
14-02-2014;2;4;6;19;39;2;7
11-02-2014;8;17;25;41;47;1;2
07-02-2014;3;17;19;46;47;9;10
04-02-2014;1;21;33;37;38;4;8
31-01-2014;8;10;15;16;31;8;9
28-01-2014;18;20;23;42;48;2;9
24-01-2014;5;19;34;35;41;1;5
21-01-2014;4;12;35;42;48;5;8
17-01-2014;19;26;32;33;42;4;10
14-01-2014;18;20;25;26;37;10;11
10-01-2014;1;2;11;27;29;1;10
07-01-2014;2;20;27;33;45;6;10
03-01-2014;3;27;31;38;44;3;8
31-12-2013;13;20;24;29;45;3;7
27-12-2013;1;6;13;22;28;5;10
24-12-2013;5;19;31;43;50;2;6
20-12-2013;12;13;17;22;43;3;10
17-12-2013;6;8;27;37;41;7;10
13-12-2013;1;22;23;24;31;6;11
10-12-2013;6;24;35;49;50;1;7
06-12-2013;1;2;18;31;36;7;10
03-12-2013;6;13;15;29;32;2;9
29-11-2013;2;7;10;23;43;4;7
26-11-2013;19;23;27;42;44;3;5
22-11-2013;13;25;26;40;50;8;9
19-11-2013;14;15;19;36;45;1;10
15-11-2013;3;13;15;29;42;1;4
12-11-2013;14;29;37;40;48;2;11
08-11-2013;20;28;35;42;43;8;10
05-11-2013;6;12;13;35;38;2;3
01-11-2013;7;19;29;30;33;3;8
29-10-2013;9;10;30;32;37;2;6
25-10-2013;2;3;10;31;38;6;10
22-10-2013;29;33;39;41;44;9;11
18-10-2013;5;25;36;46;47;2;6
15-10-2013;18;27;39;43;47;4;7
11-10-2013;6;12;17;23;43;5;9
08-10-2013;23;24;26;33;42;3;5
04-10-2013;6;20;24;35;50;5;10
01-10-2013;19;23;25;44;48;8;9
27-09-2013;11;15;38;41;43;2;6
24-09-2013;10;20;26;28;43;9;11
20-09-2013;5;11;35;38;45;2;3
17-09-2013;13;17;21;42;44;9;11
13-09-2013;4;6;14;27;33;5;10
10-09-2013;7;11;14;28;30;2;10
06-09-2013;11;23;25;32;37;4;7
03-09-2013;5;9;16;18;42;7;9
30-08-2013;2;17;25;36;45;5;9
27-08-2013;7;30;38;40;43;2;6
23-08-2013;1;6;26;30;37;5;8
20-08-2013;5;11;42;49;50;8;11
16-08-2013;20;24;27;37;39;5;10
13-08-2013;5;17;20;47;50;1;4
09-08-2013;4;7;9;23;24;8;9
06-08-2013;16;17;31;47;49;3;11
02-08-2013;21;36;37;42;48;4;7
30-07-2013;3;4;11;14;43;1;6
26-07-2013;12;23;29;38;49;3;4
23-07-2013;14;15;16;19;44;4;5
19-07-2013;13;16;24;26;35;2;5
16-07-2013;19;23;34;47;50;4;6
12-07-2013;18;26;32;33;42;2;3
09-07-2013;16;18;31;38;49;4;10
05-07-2013;4;12;15;28;33;1;10
02-07-2013;11;13;14;28;30;4;5
28-06-2013;1;15;28;35;47;1;7
25-06-2013;4;5;13;27;35;1;2
21-06-2013;10;11;30;36;45;1;2
18-06-2013;17;24;33;41;44;1;11
14-06-2013;10;25;41;47;48;6;10
11-06-2013;5;7;9;25;41;1;5
07-06-2013;7;14;26;45;50;2;7
04-06-2013;31;33;34;37;40;1;6
31-05-2013;27;28;29;34;43;5;10
28-05-2013;8;13;26;34;38;3;11
24-05-2013;7;17;22;27;40;2;3
21-05-2013;7;8;19;28;29;5;9
17-05-2013;6;20;24;25;50;9;10
14-05-2013;7;8;24;27;36;5;11
10-05-2013;1;32;35;45;48;4;11
07-05-2013;13;27;28;42;43;4;6
03-05-2013;3;5;34;40;49;2;3
30-04-2013;13;36;40;43;50;5;9
26-04-2013;11;16;24;38;40;2;5
23-04-2013;1;4;7;10;50;4;11
19-04-2013;1;8;42;46;48;4;7
16-04-2013;1;11;22;33;50;4;6
12-04-2013;5;10;15;28;45;3;9
09-04-2013;15;35;38;44;48;5;10
05-04-2013;1;11;17;32;39;2;7
02-04-2013;12;17;25;29;41;1;4
29-03-2013;13;30;43;44;46;5;9
26-03-2013;4;26;30;42;44;6;11
22-03-2013;12;27;32;34;49;8;9
19-03-2013;19;32;35;37;44;1;9
15-03-2013;4;14;21;24;39;3;10
12-03-2013;2;4;10;22;50;5;8
08-03-2013;3;20;23;28;42;8;11
05-03-2013;8;19;31;33;39;2;7
01-03-2013;1;11;29;36;42;4;5
26-02-2013;3;12;13;17;30;2;6
22-02-2013;15;16;28;36;37;2;11
19-02-2013;12;15;28;30;44;8;9
15-02-2013;2;4;22;28;42;4;9
12-02-2013;5;11;16;25;28;7;9
08-02-2013;9;11;14;34;44;10;11
05-02-2013;6;25;31;40;45;6;7
01-02-2013;5;21;34;37;38;1;6
29-01-2013;9;16;26;36;39;2;6
25-01-2013;3;10;18;31;37;2;4
22-01-2013;1;10;44;45;48;1;4
18-01-2013;4;26;27;30;39;3;10
15-01-2013;22;38;40;42;47;1;11
11-01-2013;4;22;29;37;41;4;7
08-01-2013;2;20;22;26;47;5;9
04-01-2013;4;10;22;27;41;8;10
01-01-2013;2;7;8;36;49;1;11
28-12-2012;17;24;26;27;49;3;5
25-12-2012;14;18;20;23;32;3;10
21-12-2012;3;5;22;40;42;3;10
18-12-2012;14;18;20;35;44;2;5
14-12-2012;10;11;29;40;43;3;11
11-12-2012;1;4;9;43;50;6;8
07-12-2012;10;16;18;31;42;2;5
04-12-2012;5;10;28;29;44;2;4
30-11-2012;10;18;23;24;40;3;4
27-11-2012;6;10;23;44;49;1;7
23-11-2012;1;9;11;20;40;1;5
20-11-2012;28;30;42;45;49;5;10
16-11-2012;10;15;19;23;41;2;9
13-11-2012;11;16;21;24;29;2;6
09-11-2012;14;21;22;28;47;4;5
06-11-2012;7;20;25;35;41;1;9
02-11-2012;3;6;10;11;44;3;4
30-10-2012;23;24;25;31;44;2;3
26-10-2012;5;6;9;27;38;5;11
23-10-2012;1;28;35;38;50;2;10
19-10-2012;16;29;37;40;44;8;10
16-10-2012;10;32;40;41;49;2;8
12-10-2012;6;7;17;35;43;2;8
09-10-2012;2;8;10;23;25;8;9
05-10-2012;9;16;18;19;21;2;3
02-10-2012;4;16;21;36;42;7;8
28-09-2012;20;23;26;30;33;6;9
25-09-2012;7;25;27;48;49;1;4
21-09-2012;4;19;34;41;43;7;11
18-09-2012;6;7;38;39;44;7;9
14-09-2012;3;10;23;27;44;7;9
11-09-2012;6;15;22;37;44;2;4
07-09-2012;13;15;30;35;42;4;6
04-09-2012;11;17;18;39;44;5;10
31-08-2012;16;28;31;33;48;7;11
28-08-2012;1;18;25;26;44;4;5
24-08-2012;5;6;12;19;37;3;7
21-08-2012;4;5;17;38;48;3;4
17-08-2012;19;25;28;33;44;2;8
14-08-2012;1;16;38;42;45;9;10
10-08-2012;11;17;21;48;50;9;10
07-08-2012;20;27;34;46;50;2;3
03-08-2012;24;34;35;42;46;1;5
31-07-2012;4;29;35;36;39;8;9
27-07-2012;14;15;21;23;48;2;10
24-07-2012;4;16;18;25;44;1;11
20-07-2012;10;19;23;45;49;9;10
17-07-2012;2;7;24;43;46;8;10
13-07-2012;8;18;25;35;46;4;9
10-07-2012;1;3;16;24;37;1;8
06-07-2012;31;32;38;40;42;1;3
03-07-2012;2;7;22;27;40;3;6
29-06-2012;14;17;28;29;39;1;11
26-06-2012;1;11;20;22;35;8;10
22-06-2012;14;18;19;43;49;3;7
19-06-2012;7;17;20;35;50;5;11
15-06-2012;10;22;27;38;48;3;7
12-06-2012;8;15;26;30;48;9;10
08-06-2012;5;11;22;34;40;9;11
05-06-2012;13;34;37;47;49;8;9
01-06-2012;2;4;14;26;36;9;10
29-05-2012;8;15;17;25;28;3;11
25-05-2012;12;22;35;46;49;2;8
22-05-2012;16;31;32;37;41;1;7
18-05-2012;13;29;43;47;50;9;11
15-05-2012;2;11;13;26;50;2;5
11-05-2012;1;13;17;38;44;2;11
08-05-2012;3;21;34;38;48;5;8
04-05-2012;3;26;39;40;41;1;2
01-05-2012;4;5;15;19;41;9;11
27-04-2012;20;27;30;36;43;1;6
24-04-2012;8;9;24;43;48;3;5
20-04-2012;3;6;29;32;41;10;11
17-04-2012;10;28;33;48;49;1;10
13-04-2012;8;13;26;39;43;3;5
10-04-2012;22;25;27;36;37;5;9
06-04-2012;11;20;30;35;45;2;3
03-04-2012;1;8;18;25;30;9;10
30-03-2012;4;17;23;36;46;6;10
27-03-2012;24;27;29;34;36;7;8
23-03-2012;9;15;23;31;50;8;11
20-03-2012;15;16;28;30;46;3;4
16-03-2012;3;4;12;23;50;4;7
13-03-2012;1;10;25;43;47;8;9
09-03-2012;3;32;36;39;47;6;9
06-03-2012;23;24;27;37;47;2;6
02-03-2012;5;6;11;30;44;2;6
28-02-2012;1;10;17;33;48;2;3
24-02-2012;3;7;12;26;34;8;10
21-02-2012;11;14;24;25;29;7;11
17-02-2012;4;11;28;38;47;10;11
14-02-2012;14;27;36;42;46;8;11
10-02-2012;3;8;14;31;41;7;11
07-02-2012;3;15;17;28;33;2;4
03-02-2012;16;19;20;25;28;1;10
31-01-2012;9;34;38;43;45;2;4
27-01-2012;10;13;19;39;44;2;6
24-01-2012;1;2;6;20;36;8;11
20-01-2012;2;10;22;27;28;6;8
17-01-2012;12;22;30;31;44;5;6
13-01-2012;13;14;21;27;39;6;8
10-01-2012;4;9;10;30;40;2;9
06-01-2012;1;6;10;12;31;2;7
03-01-2012;3;30;42;45;49;5;10
30-12-2011;16;36;43;44;50;7;8
27-12-2011;19;21;25;26;44;3;7
23-12-2011;7;21;22;24;28;1;11
20-12-2011;1;9;12;14;48;1;7
16-12-2011;2;5;10;23;31;2;5
13-12-2011;7;12;18;33;37;1;11
09-12-2011;12;21;29;44;47;1;2
06-12-2011;19;20;21;34;38;3;9
02-12-2011;7;27;30;40;43;8;9
29-11-2011;11;25;41;45;50;2;7
25-11-2011;14;19;26;28;34;5;8
22-11-2011;16;18;24;38;40;2;4
18-11-2011;4;12;24;39;44;2;4
15-11-2011;6;17;22;45;47;3;11
11-11-2011;1;4;18;23;30;3;7
08-11-2011;1;4;15;29;40;1;5
04-11-2011;11;14;41;43;50;2;9
01-11-2011;14;20;23;45;46;1;11
28-10-2011;16;17;20;39;50;4;8
25-10-2011;12;22;27;28;39;4;10
21-10-2011;2;19;33;37;46;5;8
18-10-2011;18;23;37;46;48;2;10
14-10-2011;12;23;29;32;47;3;5
11-10-2011;1;4;12;16;48;9;10
07-10-2011;18;26;34;38;42;5;8
04-10-2011;14;16;23;38;45;8;11
30-09-2011;5;15;28;31;44;1;6
27-09-2011;18;27;28;35;40;3;5
23-09-2011;6;14;33;34;48;2;6
20-09-2011;9;19;25;36;38;7;11
16-09-2011;2;8;17;39;42;3;10
13-09-2011;9;28;30;32;49;9;10
09-09-2011;5;21;28;31;34;1;2
06-09-2011;35;42;47;48;50;8;9
02-09-2011;12;26;37;38;44;4;7
30-08-2011;2;8;10;19;46;5;9
26-08-2011;12;22;25;33;45;5;7
23-08-2011;4;6;14;42;50;2;4
19-08-2011;6;14;16;28;31;2;11
16-08-2011;1;13;17;18;45;3;8
12-08-2011;7;10;20;27;37;4;7
09-08-2011;7;23;24;34;36;8;11
05-08-2011;13;14;18;32;34;1;10
02-08-2011;5;8;14;24;33;3;8
29-07-2011;12;19;27;37;38;5;10
26-07-2011;1;5;22;25;48;3;11
22-07-2011;4;15;23;49;50;2;6
19-07-2011;3;16;25;26;35;5;9
15-07-2011;6;26;33;34;39;3;4
12-07-2011;17;19;38;42;45;9;10
08-07-2011;12;13;23;40;49;7;10
05-07-2011;11;28;29;47;49;1;5
01-07-2011;8;11;23;31;46;8;9
28-06-2011;15;16;30;44;50;2;3
24-06-2011;5;16;20;30;41;6;11
21-06-2011;17;20;35;49;50;3;4
17-06-2011;11;16;21;22;44;3;8
14-06-2011;5;12;19;41;48;8;10
10-06-2011;3;19;20;37;48;8;11
07-06-2011;6;25;36;38;40;4;10
03-06-2011;4;39;40;49;50;2;5
31-05-2011;1;9;10;22;50;5;11
27-05-2011;9;17;25;28;49;8;9
24-05-2011;16;23;24;26;29;2;9
20-05-2011;10;14;20;25;42;8;11
17-05-2011;20;21;37;45;46;2;3
13-05-2011;9;11;17;36;47;1;2
10-05-2011;3;10;15;28;45;5;7
06-05-2011;11;16;20;22;28;4;9
29-04-2011;15;25;38;40;41;1;2
22-04-2011;11;22;36;45;48;1;4
15-04-2011;4;6;21;39;41;2;6
08-04-2011;21;23;38;47;50;2;6
01-04-2011;4;17;21;22;33;4;8
25-03-2011;6;12;21;27;33;3;7
18-03-2011;1;13;20;26;50;6;7
11-03-2011;17;19;24;37;46;2;7
04-03-2011;11;25;27;28;41;5;8
25-02-2011;12;13;42;45;48;3;9
18-02-2011;2;3;15;45;49;5;9
11-02-2011;12;14;15;19;23;7;8
04-02-2011;2;11;24;35;47;5;9
28-01-2011;13;23;24;41;42;1;5
21-01-2011;3;11;13;18;21;4;5
14-01-2011;2;14;24;39;44;6;7
07-01-2011;1;22;32;48;50;6;7
31-12-2010;2;24;34;38;43;1;7
24-12-2010;19;36;38;42;46;2;8
17-12-2010;3;20;29;35;42;3;8
10-12-2010;2;3;10;33;46;7;8
03-12-2010;8;19;28;32;46;4;7
26-11-2010;9;28;36;41;49;5;7
19-11-2010;12;15;32;36;45;7;9
12-11-2010;7;19;23;29;47;1;6
05-11-2010;21;23;33;40;50;4;5
29-10-2010;16;20;22;32;42;8;9
22-10-2010;4;5;9;11;39;3;5
15-10-2010;2;31;36;38;43;3;7
08-10-2010;9;30;35;39;46;6;8
01-10-2010;1;4;6;27;48;1;6
24-09-2010;1;4;16;40;48;1;9
17-09-2010;17;27;29;38;50;1;3
10-09-2010;17;21;35;41;45;1;5
03-09-2010;13;24;26;47;49;4;8
27-08-2010;1;6;13;30;49;1;9
20-08-2010;5;27;31;40;42;1;6
13-08-2010;4;9;15;21;47;2;7
06-08-2010;13;25;28;29;42;4;5
30-07-2010;3;4;11;28;39;2;8
23-07-2010;4;13;35;37;46;3;9
16-07-2010;38;39;45;46;49;7;8
09-07-2010;9;24;37;39;49;3;9
02-07-2010;12;13;36;41;46;1;8
25-06-2010;1;8;18;28;31;8;9
18-06-2010;2;29;31;32;38;1;4
11-06-2010;2;22;24;36;44;1;2
04-06-2010;4;17;34;40;42;4;9
28-05-2010;4;9;31;32;33;3;7
21-05-2010;7;19;30;38;50;4;7
14-05-2010;1;17;31;43;47;2;3
07-05-2010;3;6;15;21;32;7;9
30-04-2010;6;22;24;25;36;3;8
23-04-2010;3;7;8;43;46;6;8
16-04-2010;9;11;17;26;40;3;9
09-04-2010;7;21;23;24;44;3;4
02-04-2010;12;18;24;26;45;4;5
26-03-2010;8;16;18;37;43;2;6
19-03-2010;10;28;30;38;39;2;7
12-03-2010;1;26;33;36;46;6;7
05-03-2010;12;18;19;43;49;3;9
26-02-2010;7;11;18;29;42;6;7
19-02-2010;12;31;37;38;43;2;3
12-02-2010;1;5;18;38;45;4;6
05-02-2010;34;35;38;39;46;3;4
29-01-2010;9;17;30;39;43;5;7
22-01-2010;4;22;27;36;44;7;9
15-01-2010;11;26;29;49;50;4;7
08-01-2010;4;5;14;44;46;8;9
01-01-2010;9;22;24;27;36;5;7
25-12-2009;4;5;14;17;34;3;5
18-12-2009;14;30;32;35;49;3;8
11-12-2009;20;41;43;44;46;2;9
04-12-2009;18;19;25;30;44;1;3
27-11-2009;5;8;13;15;33;8;9
20-11-2009;5;9;28;43;47;2;9
13-11-2009;13;15;25;26;32;3;4
06-11-2009;11;19;34;43;45;5;9
30-10-2009;9;33;35;38;40;2;6
23-10-2009;6;18;20;29;31;2;8
16-10-2009;12;23;30;31;47;3;4
09-10-2009;7;11;29;46;50;4;7
02-10-2009;22;23;24;29;44;1;5
25-09-2009;6;17;18;21;34;3;9
18-09-2009;6;16;30;38;41;2;4
11-09-2009;12;15;35;42;43;4;6
04-09-2009;6;9;20;38;39;3;9
28-08-2009;8;36;37;41;49;5;7
21-08-2009;4;7;16;31;42;3;5
14-08-2009;5;8;24;30;49;3;9
07-08-2009;10;20;22;24;31;2;7
31-07-2009;5;9;20;21;26;3;6
24-07-2009;14;15;25;35;47;5;9
17-07-2009;2;8;17;32;50;3;7
10-07-2009;6;16;20;42;46;1;6
03-07-2009;21;29;34;46;47;6;8
26-06-2009;6;11;21;30;39;2;8
19-06-2009;4;16;17;20;29;5;7
12-06-2009;6;14;16;34;50;4;6
05-06-2009;11;19;26;35;40;2;5
29-05-2009;2;5;30;37;47;3;6
22-05-2009;4;13;14;33;43;1;6
15-05-2009;8;18;19;20;42;5;9
08-05-2009;4;23;24;29;31;8;9
01-05-2009;5;19;31;38;47;3;5
24-04-2009;4;14;21;24;41;5;8
17-04-2009;4;7;21;44;47;1;5
10-04-2009;9;14;16;37;46;2;4
03-04-2009;2;20;24;32;46;1;9
27-03-2009;25;33;36;38;42;6;7
20-03-2009;12;16;23;31;35;4;6
13-03-2009;12;24;26;36;42;1;4
06-03-2009;13;17;19;25;35;5;6
27-02-2009;5;9;37;44;45;6;9
20-02-2009;9;12;13;14;48;1;2
13-02-2009;22;33;36;40;42;1;2
06-02-2009;10;20;30;36;40;3;5
30-01-2009;4;29;34;35;46;5;8
23-01-2009;32;33;36;40;49;2;8
16-01-2009;3;17;22;49;50;3;6
09-01-2009;7;15;22;28;48;1;4
02-01-2009;29;30;36;37;48;1;6
26-12-2008;1;2;26;44;50;1;7
19-12-2008;28;29;40;46;50;5;7
12-12-2008;2;19;28;42;49;2;7
05-12-2008;4;8;21;35;45;5;8
28-11-2008;8;11;16;25;41;2;4
21-11-2008;9;14;21;49;50;3;8
14-11-2008;8;10;14;21;26;3;4
07-11-2008;1;9;12;17;18;3;4
31-10-2008;3;18;25;34;41;2;5
24-10-2008;7;15;16;17;45;6;9
17-10-2008;3;10;12;42;50;1;5
10-10-2008;4;15;22;31;41;1;6
03-10-2008;4;13;19;23;38;2;3
26-09-2008;14;29;31;33;37;1;2
19-09-2008;14;16;19;20;31;6;9
12-09-2008;19;23;33;37;50;3;7
05-09-2008;7;12;16;17;39;3;8
29-08-2008;2;20;25;37;39;5;8
22-08-2008;7;27;29;39;50;5;7
15-08-2008;11;17;18;26;31;5;6
08-08-2008;4;5;15;16;45;4;7
01-08-2008;1;22;25;40;50;1;8
25-07-2008;7;11;15;24;29;2;7
18-07-2008;10;14;16;29;44;5;6
11-07-2008;9;11;13;19;37;3;4
04-07-2008;7;19;22;27;48;5;7
27-06-2008;5;20;26;44;50;5;7
20-06-2008;8;11;36;37;45;3;5
13-06-2008;13;16;37;44;50;1;9
06-06-2008;7;19;21;40;50;2;9
30-05-2008;5;7;14;20;49;2;8
23-05-2008;5;9;19;21;38;1;7
16-05-2008;6;9;15;25;38;4;9
09-05-2008;8;9;40;42;45;6;7
02-05-2008;2;26;37;45;48;4;8
25-04-2008;4;19;26;27;30;3;8
18-04-2008;3;6;7;27;50;5;9
11-04-2008;6;25;30;45;50;5;7
04-04-2008;11;13;18;37;47;1;6
28-03-2008;5;9;17;29;39;3;6
21-03-2008;2;10;18;22;36;4;6
14-03-2008;13;21;25;35;48;4;8
07-03-2008;2;7;14;17;35;1;6
29-02-2008;12;37;40;47;49;2;9
22-02-2008;4;27;32;46;50;8;9
15-02-2008;12;27;29;45;46;4;7
08-02-2008;17;28;30;38;44;1;4
01-02-2008;22;30;45;47;49;4;9
25-01-2008;2;6;9;19;45;7;8
18-01-2008;14;16;23;40;46;4;8
11-01-2008;8;24;36;49;50;4;8
04-01-2008;10;12;24;25;41;3;5
28-12-2007;20;21;22;31;45;7;9
21-12-2007;7;9;28;37;44;6;7
14-12-2007;8;25;30;36;44;3;4
07-12-2007;2;4;32;43;48;1;7
30-11-2007;12;19;20;30;38;7;9
23-11-2007;2;10;22;29;48;3;9
16-11-2007;9;18;23;33;37;1;8
09-11-2007;5;14;22;25;36;5;6
02-11-2007;3;16;18;19;40;1;2
26-10-2007;7;20;38;40;43;1;8
19-10-2007;7;18;34;35;40;7;8
12-10-2007;21;32;36;46;47;3;4
05-10-2007;11;20;27;35;44;2;5
28-09-2007;22;30;34;35;44;4;5
21-09-2007;1;17;32;35;37;1;8
14-09-2007;5;9;11;29;33;7;9
07-09-2007;2;3;33;34;42;3;5
31-08-2007;6;18;22;23;37;5;6
24-08-2007;1;3;16;42;48;2;3
17-08-2007;2;3;13;38;42;7;8
10-08-2007;23;40;42;43;49;2;6
03-08-2007;10;30;33;37;41;1;8
27-07-2007;1;4;21;29;41;7;8
20-07-2007;10;21;25;26;50;4;9
13-07-2007;9;13;15;31;48;3;6
06-07-2007;4;5;19;39;41;8;9
29-06-2007;8;12;28;33;45;1;3
22-06-2007;11;16;17;22;34;5;6
15-06-2007;5;7;14;21;40;3;8
08-06-2007;1;15;17;25;45;2;8
01-06-2007;6;22;37;41;42;6;9
25-05-2007;25;26;29;49;50;7;8
18-05-2007;26;34;37;39;49;2;6
11-05-2007;7;12;26;29;49;2;6
04-05-2007;6;17;35;41;45;1;5
27-04-2007;7;18;27;36;44;1;2
20-04-2007;23;26;32;41;45;3;7
13-04-2007;7;20;25;38;41;3;7
06-04-2007;15;23;29;41;48;3;6
30-03-2007;9;17;19;41;46;1;8
23-03-2007;5;13;17;40;43;1;3
16-03-2007;4;14;31;45;49;4;9
09-03-2007;2;3;25;43;48;6;9
02-03-2007;3;16;34;38;48;5;8
23-02-2007;2;15;18;20;22;2;5
16-02-2007;8;19;20;39;50;6;9
09-02-2007;14;16;30;36;46;2;8
02-02-2007;14;23;27;30;36;1;6
26-01-2007;11;15;23;30;38;4;9
19-01-2007;5;13;27;33;42;2;4
12-01-2007;8;11;14;19;25;3;5
05-01-2007;17;19;29;36;45;5;6
29-12-2006;6;9;13;14;35;3;4
22-12-2006;9;11;20;38;43;2;3
15-12-2006;9;23;35;37;42;3;7
08-12-2006;16;17;18;36;47;1;2
01-12-2006;4;8;16;37;41;2;5
24-11-2006;5;8;17;25;40;1;5
17-11-2006;12;22;32;33;36;2;6
10-11-2006;14;21;27;30;36;2;3
03-11-2006;11;13;24;44;49;3;9
27-10-2006;3;4;8;44;50;7;8
20-10-2006;10;19;34;45;47;3;6
13-10-2006;2;25;32;38;41;3;5
06-10-2006;5;11;22;35;38;7;8
29-09-2006;1;3;6;18;24;5;8
22-09-2006;10;29;30;45;49;3;8
15-09-2006;6;10;16;26;49;7;9
08-09-2006;1;10;12;32;33;1;8
01-09-2006;3;7;25;45;50;6;9
25-08-2006;10;28;40;47;48;6;8
18-08-2006;12;37;39;40;50;1;2
11-08-2006;27;28;31;46;47;2;5
04-08-2006;1;14;15;26;32;3;7
28-07-2006;3;8;12;29;43;6;7
21-07-2006;2;4;9;38;50;6;8
14-07-2006;1;7;17;31;36;2;8
07-07-2006;7;9;18;35;43;5;7
30-06-2006;6;15;16;40;43;1;2
23-06-2006;9;21;30;43;44;1;9
16-06-2006;1;16;26;30;36;3;9
09-06-2006;3;12;15;34;39;4;6
02-06-2006;7;8;27;41;48;1;6
26-05-2006;2;12;21;41;49;3;7
19-05-2006;3;5;25;34;49;5;8
12-05-2006;5;20;23;34;50;1;5
05-05-2006;4;8;14;16;50;3;9
28-04-2006;5;10;17;22;33;5;7
21-04-2006;1;20;22;37;46;1;9
14-04-2006;16;26;34;35;49;2;6
07-04-2006;12;13;29;44;50;4;5
31-03-2006;3;20;31;45;50;6;7
24-03-2006;17;28;33;35;47;4;9
17-03-2006;5;32;44;45;50;1;7
10-03-2006;1;21;33;45;49;4;8
03-03-2006;3;5;8;10;44;3;5
24-02-2006;1;11;18;19;47;3;7
17-02-2006;4;23;24;26;38;2;4
10-02-2006;5;6;38;48;50;6;7
03-02-2006;9;21;30;39;50;1;3
27-01-2006;9;15;21;40;49;1;4
20-01-2006;12;15;33;44;50;2;6
13-01-2006;8;12;19;33;34;1;6
06-01-2006;2;6;9;14;26;4;5
30-12-2005;8;16;19;43;45;1;4
23-12-2005;15;31;36;37;42;1;7
16-12-2005;2;3;15;18;32;6;7
09-12-2005;11;18;35;38;42;1;5
02-12-2005;1;9;20;23;30;4;7
25-11-2005;1;6;27;39;47;1;6
18-11-2005;17;18;25;34;48;2;3
11-11-2005;15;16;36;41;42;3;5
04-11-2005;26;36;37;38;42;2;6
28-10-2005;14;36;44;47;50;3;5
21-10-2005;1;14;19;29;33;1;8
14-10-2005;10;11;19;20;23;1;6
07-10-2005;2;13;21;26;44;3;9
30-09-2005;6;11;47;48;50;1;6
23-09-2005;1;26;31;34;47;4;9
16-09-2005;12;13;19;21;38;3;9
09-09-2005;8;12;19;31;50;6;7
02-09-2005;3;4;14;43;50;3;6
26-08-2005;9;29;35;40;41;1;6
19-08-2005;11;24;29;31;41;1;3
12-08-2005;15;23;30;37;40;7;9
05-08-2005;2;11;21;22;30;4;6
29-07-2005;3;19;26;49;50;4;5
22-07-2005;3;14;41;48;49;1;4
15-07-2005;1;11;12;23;42;3;6
08-07-2005;35;36;42;46;49;2;8
01-07-2005;4;5;23;25;28;3;4
24-06-2005;6;8;14;15;45;7;8
17-06-2005;4;8;10;18;21;1;7
10-06-2005;6;7;32;37;47;1;7
03-06-2005;3;8;11;17;50;1;5
27-05-2005;2;24;31;48;50;4;9
20-05-2005;6;7;13;28;47;5;8
13-05-2005;12;17;31;32;40;2;9
06-05-2005;7;12;21;26;44;6;8
29-04-2005;3;9;35;39;42;1;8
22-04-2005;3;10;13;24;47;5;9
15-04-2005;6;28;31;38;42;3;9
08-04-2005;7;11;25;31;50;1;3
01-04-2005;25;26;41;44;47;3;7
25-03-2005;4;29;33;37;38;6;9
18-03-2005;6;23;39;43;48;5;7
11-03-2005;8;12;23;40;43;1;4
04-03-2005;12;24;32;37;39;7;9
25-02-2005;3;27;30;43;44;4;8
18-02-2005;20;21;26;32;46;8;9
11-02-2005;11;13;25;32;50;4;7
04-02-2005;1;8;11;30;40;7;8
28-01-2005;7;21;26;43;45;5;7
21-01-2005;10;12;14;24;26;5;8
14-01-2005;6;11;14;19;29;1;3
07-01-2005;3;23;27;47;50;2;3
31-12-2004;7;8;24;25;47;8;9
24-12-2004;3;4;27;29;37;5;6
17-12-2004;15;19;22;46;49;2;9
10-12-2004;1;3;13;16;43;2;7
03-12-2004;1;11;15;42;49;3;4
26-11-2004;1;4;24;34;36;6;8
19-11-2004;1;18;29;34;37;2;6
12-11-2004;4;11;12;13;32;3;9
05-11-2004;6;19;25;42;49;1;7
29-10-2004;1;8;32;35;38;4;9
22-10-2004;1;9;23;25;40;3;9
15-10-2004;14;21;22;37;43;5;8
08-10-2004;1;10;12;16;48;2;6
01-10-2004;48;20;45;21;12;6;5
24-09-2004;48;21;26;27;44;1;7
17-09-2004;41;39;15;18;29;8;5
10-09-2004;5;38;36;25;33;5;2
03-09-2004;14;12;15;34;8;7;6
27-08-2004;28;1;44;22;11;1;9
20-08-2004;27;10;35;9;6;6;8
13-08-2004;20;27;41;43;50;5;8
06-08-2004;5;35;44;15;24;6;5
30-07-2004;50;10;9;19;37;6;1
23-07-2004;10;27;7;34;31;8;3
16-07-2004;26;50;31;24;38;8;5
09-07-2004;44;19;5;12;2;8;9
02-07-2004;4;28;24;23;34;1;3
25-06-2004;30;21;35;3;34;1;2
18-06-2004;28;2;40;23;43;6;2
11-06-2004;7;2;47;10;8;1;7
04-06-2004;41;42;34;13;9;7;3
28-05-2004;41;44;6;35;11;6;5
21-05-2004;37;39;29;15;49;4;9
14-05-2004;32;3;1;39;21;2;6
07-05-2004;38;36;15;16;21;1;5
30-04-2004;27;16;6;5;23;7;6
23-04-2004;45;21;6;49;10;5;3
16-04-2004;28;40;14;15;35;3;1
09-04-2004;23;19;10;1;4;2;8
02-04-2004;4;24;12;36;27;2;9
26-03-2004;23;43;3;4;10;2;4
19-03-2004;42;45;33;37;36;9;4
12-03-2004;44;47;15;28;24;4;5
05-03-2004;39;37;4;7;33;5;1
27-02-2004;37;19;18;14;31;5;4
20-02-2004;13;50;47;7;39;2;5
13-02-2004;32;16;29;41;36;9;7
